Gender,Region,Year,Number of Newborns,sum
Female,Yilan County,1994,3795,
Female,Yilan County,1995,3760,
Female,Yilan County,1996,3470,
Female,Yilan County,1997,3552,
Female,Yilan County,1998,2926,
Female,Yilan County,1999,2810,
Female,Yilan County,2000,3026,
Female,Yilan County,2001,2634,
Female,Yilan County,2002,2440,
Female,Yilan County,2003,2239,
Female,Yilan County,2004,2132,
Female,Yilan County,2005,1987,
Female,Yilan County,2006,1928,
Female,Yilan County,2007,1815,
Female,Yilan County,2008,1727,
Female,Yilan County,2009,1724,
Female,Yilan County,2010,1685,
Female,Yilan County,2011,1708,
Female,Yilan County,2012,1888,
Female,Yilan County,2013,1646,
Female,Yilan County,2014,1701,
Female,Yilan County,2015,1680,
Female,Yilan County,2016,1673,
Female,Yilan County,2017,1596,
Female,Yilan County,2018,1477,
Female,Yilan County,2019,1512,
Female,Yilan County,2020,1408,
Female,Yilan County,2021,1324,
Male,Yilan County,1994,4030,
Male,Yilan County,1995,4002,
Male,Yilan County,1996,4041,
Male,Yilan County,1997,3919,
Male,Yilan County,1998,3066,
Male,Yilan County,1999,3141,
Male,Yilan County,2000,3362,
Male,Yilan County,2001,2853,
Male,Yilan County,2002,2652,
Male,Yilan County,2003,2462,
Male,Yilan County,2004,2296,
Male,Yilan County,2005,2111,
Male,Yilan County,2006,2024,
Male,Yilan County,2007,1981,
Male,Yilan County,2008,1956,
Male,Yilan County,2009,1913,
Male,Yilan County,2010,1763,
Male,Yilan County,2011,1836,
Male,Yilan County,2012,2042,
Male,Yilan County,2013,1849,
Male,Yilan County,2014,1826,
Male,Yilan County,2015,1757,
Male,Yilan County,2016,1852,
Male,Yilan County,2017,1732,
Male,Yilan County,2018,1578,
Male,Yilan County,2019,1584,
Male,Yilan County,2020,1446,
Male,Yilan County,2021,1496,
Female,Hualien County,1994,2825,
Female,Hualien County,1995,2824,
Female,Hualien County,1996,2758,
Female,Hualien County,1997,2702,
Female,Hualien County,1998,2146,
Female,Hualien County,1999,2237,
Female,Hualien County,2000,2257,
Female,Hualien County,2001,2037,
Female,Hualien County,2002,1871,
Female,Hualien County,2003,1662,
Female,Hualien County,2004,1623,
Female,Hualien County,2005,1515,
Female,Hualien County,2006,1436,
Female,Hualien County,2007,1422,
Female,Hualien County,2008,1349,
Female,Hualien County,2009,1251,
Female,Hualien County,2010,1128,
Female,Hualien County,2011,1182,
Female,Hualien County,2012,1301,
Female,Hualien County,2013,1290,
Female,Hualien County,2014,1271,
Female,Hualien County,2015,1278,
Female,Hualien County,2016,1310,
Female,Hualien County,2017,1128,
Female,Hualien County,2018,1152,
Female,Hualien County,2019,1145,
Female,Hualien County,2020,1016,
Female,Hualien County,2021,1060,
Male,Hualien County,1994,2985,
Male,Hualien County,1995,3003,
Male,Hualien County,1996,3044,
Male,Hualien County,1997,2820,
Male,Hualien County,1998,2478,
Male,Hualien County,1999,2438,
Male,Hualien County,2000,2420,
Male,Hualien County,2001,2151,
Male,Hualien County,2002,2049,
Male,Hualien County,2003,1888,
Male,Hualien County,2004,1792,
Male,Hualien County,2005,1591,
Male,Hualien County,2006,1626,
Male,Hualien County,2007,1545,
Male,Hualien County,2008,1475,
Male,Hualien County,2009,1361,
Male,Hualien County,2010,1213,
Male,Hualien County,2011,1421,
Male,Hualien County,2012,1481,
Male,Hualien County,2013,1367,
Male,Hualien County,2014,1368,
Male,Hualien County,2015,1415,
Male,Hualien County,2016,1372,
Male,Hualien County,2017,1244,
Male,Hualien County,2018,1259,
Male,Hualien County,2019,1285,
Male,Hualien County,2020,1159,
Male,Hualien County,2021,1056,
Female,Kinmen County,1994,300,
Female,Kinmen County,1995,293,
Female,Kinmen County,1996,274,
Female,Kinmen County,1997,323,
Female,Kinmen County,1998,284,
Female,Kinmen County,1999,303,
Female,Kinmen County,2000,387,
Female,Kinmen County,2001,351,
Female,Kinmen County,2002,336,
Female,Kinmen County,2003,335,
Female,Kinmen County,2004,368,
Female,Kinmen County,2005,351,
Female,Kinmen County,2006,393,
Female,Kinmen County,2007,421,
Female,Kinmen County,2008,480,
Female,Kinmen County,2009,529,
Female,Kinmen County,2010,496,
Female,Kinmen County,2011,515,
Female,Kinmen County,2012,713,
Female,Kinmen County,2013,631,
Female,Kinmen County,2014,706,
Female,Kinmen County,2015,650,
Female,Kinmen County,2016,650,
Female,Kinmen County,2017,605,
Female,Kinmen County,2018,605,
Female,Kinmen County,2019,606,
Female,Kinmen County,2020,495,
Female,Kinmen County,2021,487,
Male,Kinmen County,1994,310,
Male,Kinmen County,1995,318,
Male,Kinmen County,1996,325,
Male,Kinmen County,1997,329,
Male,Kinmen County,1998,316,
Male,Kinmen County,1999,336,
Male,Kinmen County,2000,399,
Male,Kinmen County,2001,395,
Male,Kinmen County,2002,402,
Male,Kinmen County,2003,380,
Male,Kinmen County,2004,373,
Male,Kinmen County,2005,388,
Male,Kinmen County,2006,419,
Male,Kinmen County,2007,516,
Male,Kinmen County,2008,490,
Male,Kinmen County,2009,521,
Male,Kinmen County,2010,557,
Male,Kinmen County,2011,639,
Male,Kinmen County,2012,718,
Male,Kinmen County,2013,687,
Male,Kinmen County,2014,789,
Male,Kinmen County,2015,746,
Male,Kinmen County,2016,710,
Male,Kinmen County,2017,676,
Male,Kinmen County,2018,649,
Male,Kinmen County,2019,605,
Male,Kinmen County,2020,540,
Male,Kinmen County,2021,542,
Female,Nantou County,1994,4481,
Female,Nantou County,1995,4356,
Female,Nantou County,1996,4288,
Female,Nantou County,1997,4174,
Female,Nantou County,1998,3461,
Female,Nantou County,1999,3406,
Female,Nantou County,2000,3674,
Female,Nantou County,2001,3259,
Female,Nantou County,2002,3039,
Female,Nantou County,2003,2692,
Female,Nantou County,2004,2571,
Female,Nantou County,2005,2413,
Female,Nantou County,2006,2260,
Female,Nantou County,2007,2218,
Female,Nantou County,2008,2064,
Female,Nantou County,2009,1885,
Female,Nantou County,2010,1648,
Female,Nantou County,2011,1703,
Female,Nantou County,2012,1941,
Female,Nantou County,2013,1689,
Female,Nantou County,2014,1707,
Female,Nantou County,2015,1738,
Female,Nantou County,2016,1728,
Female,Nantou County,2017,1630,
Female,Nantou County,2018,1531,
Female,Nantou County,2019,1551,
Female,Nantou County,2020,1467,
Female,Nantou County,2021,1344,
Male,Nantou County,1994,4810,
Male,Nantou County,1995,4668,
Male,Nantou County,1996,4596,
Male,Nantou County,1997,4536,
Male,Nantou County,1998,3818,
Male,Nantou County,1999,3746,
Male,Nantou County,2000,3924,
Male,Nantou County,2001,3491,
Male,Nantou County,2002,3260,
Male,Nantou County,2003,2924,
Male,Nantou County,2004,2785,
Male,Nantou County,2005,2602,
Male,Nantou County,2006,2484,
Male,Nantou County,2007,2370,
Male,Nantou County,2008,2215,
Male,Nantou County,2009,2029,
Male,Nantou County,2010,1772,
Male,Nantou County,2011,1774,
Male,Nantou County,2012,2115,
Male,Nantou County,2013,1792,
Male,Nantou County,2014,1852,
Male,Nantou County,2015,1838,
Male,Nantou County,2016,1902,
Male,Nantou County,2017,1706,
Male,Nantou County,2018,1701,
Male,Nantou County,2019,1623,
Male,Nantou County,2020,1675,
Male,Nantou County,2021,1495,
Female,Pingtung County,1994,6989,
Female,Pingtung County,1995,7013,
Female,Pingtung County,1996,6885,
Female,Pingtung County,1997,6627,
Female,Pingtung County,1998,5593,
Female,Pingtung County,1999,5470,
Female,Pingtung County,2000,5908,
Female,Pingtung County,2001,5147,
Female,Pingtung County,2002,4844,
Female,Pingtung County,2003,4486,
Female,Pingtung County,2004,3944,
Female,Pingtung County,2005,3858,
Female,Pingtung County,2006,3629,
Female,Pingtung County,2007,3441,
Female,Pingtung County,2008,3274,
Female,Pingtung County,2009,3064,
Female,Pingtung County,2010,2432,
Female,Pingtung County,2011,2601,
Female,Pingtung County,2012,2942,
Female,Pingtung County,2013,2422,
Female,Pingtung County,2014,2579,
Female,Pingtung County,2015,2513,
Female,Pingtung County,2016,2453,
Female,Pingtung County,2017,2284,
Female,Pingtung County,2018,2243,
Female,Pingtung County,2019,2333,
Female,Pingtung County,2020,2092,
Female,Pingtung County,2021,2009,
Male,Pingtung County,1994,7589,
Male,Pingtung County,1995,7594,
Male,Pingtung County,1996,7643,
Male,Pingtung County,1997,7453,
Male,Pingtung County,1998,5965,
Male,Pingtung County,1999,6047,
Male,Pingtung County,2000,6510,
Male,Pingtung County,2001,5413,
Male,Pingtung County,2002,5244,
Male,Pingtung County,2003,4718,
Male,Pingtung County,2004,4439,
Male,Pingtung County,2005,4145,
Male,Pingtung County,2006,4039,
Male,Pingtung County,2007,3815,
Male,Pingtung County,2008,3634,
Male,Pingtung County,2009,3273,
Male,Pingtung County,2010,2829,
Male,Pingtung County,2011,2753,
Male,Pingtung County,2012,3343,
Male,Pingtung County,2013,2627,
Male,Pingtung County,2014,2794,
Male,Pingtung County,2015,2753,
Male,Pingtung County,2016,2676,
Male,Pingtung County,2017,2540,
Male,Pingtung County,2018,2356,
Male,Pingtung County,2019,2431,
Male,Pingtung County,2020,2349,
Male,Pingtung County,2021,2149,
Female,Miaoli County,1994,4427,
Female,Miaoli County,1995,4496,
Female,Miaoli County,1996,4486,
Female,Miaoli County,1997,4230,
Female,Miaoli County,1998,3381,
Female,Miaoli County,1999,3668,
Female,Miaoli County,2000,3902,
Female,Miaoli County,2001,3406,
Female,Miaoli County,2002,3225,
Female,Miaoli County,2003,2863,
Female,Miaoli County,2004,2735,
Female,Miaoli County,2005,2531,
Female,Miaoli County,2006,2556,
Female,Miaoli County,2007,2486,
Female,Miaoli County,2008,2374,
Female,Miaoli County,2009,2218,
Female,Miaoli County,2010,2029,
Female,Miaoli County,2011,2460,
Female,Miaoli County,2012,3001,
Female,Miaoli County,2013,2659,
Female,Miaoli County,2014,2960,
Female,Miaoli County,2015,2754,
Female,Miaoli County,2016,2301,
Female,Miaoli County,2017,1858,
Female,Miaoli County,2018,1663,
Female,Miaoli County,2019,1450,
Female,Miaoli County,2020,1342,
Female,Miaoli County,2021,1289,
Male,Miaoli County,1994,5028,
Male,Miaoli County,1995,4819,
Male,Miaoli County,1996,4728,
Male,Miaoli County,1997,4686,
Male,Miaoli County,1998,3797,
Male,Miaoli County,1999,4015,
Male,Miaoli County,2000,4224,
Male,Miaoli County,2001,3733,
Male,Miaoli County,2002,3748,
Male,Miaoli County,2003,3367,
Male,Miaoli County,2004,3228,
Male,Miaoli County,2005,2874,
Male,Miaoli County,2006,2733,
Male,Miaoli County,2007,2772,
Male,Miaoli County,2008,2602,
Male,Miaoli County,2009,2421,
Male,Miaoli County,2010,2169,
Male,Miaoli County,2011,2624,
Male,Miaoli County,2012,3206,
Male,Miaoli County,2013,2834,
Male,Miaoli County,2014,3059,
Male,Miaoli County,2015,3002,
Male,Miaoli County,2016,2455,
Male,Miaoli County,2017,1986,
Male,Miaoli County,2018,1683,
Male,Miaoli County,2019,1627,
Male,Miaoli County,2020,1453,
Male,Miaoli County,2021,1363,
Female,Taoyuan City,2015,10792,
Female,Taoyuan City,2016,11411,
Female,Taoyuan City,2017,11237,
Female,Taoyuan City,2018,10850,
Female,Taoyuan City,2019,10931,
Female,Taoyuan City,2020,10352,
Female,Taoyuan City,2021,9752,
Male,Taoyuan City,2015,11592,
Male,Taoyuan City,2016,12375,
Male,Taoyuan City,2017,12119,
Male,Taoyuan City,2018,11733,
Male,Taoyuan City,2019,11910,
Male,Taoyuan City,2020,11092,
Male,Taoyuan City,2021,10458,
Female,Taoyuan City,1994,11690,
Female,Taoyuan City,1995,12552,
Female,Taoyuan City,1996,12455,
Female,Taoyuan City,1997,12936,
Female,Taoyuan City,1998,10903,
Female,Taoyuan City,1999,11732,
Female,Taoyuan City,2000,12655,
Female,Taoyuan City,2001,11017,
Female,Taoyuan City,2002,10589,
Female,Taoyuan City,2003,9779,
Female,Taoyuan City,2004,9540,
Female,Taoyuan City,2005,9258,
Female,Taoyuan City,2006,9076,
Female,Taoyuan City,2007,9228,
Female,Taoyuan City,2008,9212,
Female,Taoyuan City,2009,8903,
Female,Taoyuan City,2010,7536,
Female,Taoyuan City,2011,8769,
Female,Taoyuan City,2012,9651,
Female,Taoyuan City,2013,8007,
Female,Taoyuan City,2014,8252,
Male,Taoyuan City,1994,13067,
Male,Taoyuan City,1995,13369,
Male,Taoyuan City,1996,13778,
Male,Taoyuan City,1997,13960,
Male,Taoyuan City,1998,11962,
Male,Taoyuan City,1999,12645,
Male,Taoyuan City,2000,14099,
Male,Taoyuan City,2001,12136,
Male,Taoyuan City,2002,11582,
Male,Taoyuan City,2003,10835,
Male,Taoyuan City,2004,10285,
Male,Taoyuan City,2005,10080,
Male,Taoyuan City,2006,10129,
Male,Taoyuan City,2007,10207,
Male,Taoyuan City,2008,9968,
Male,Taoyuan City,2009,9612,
Male,Taoyuan City,2010,8302,
Male,Taoyuan City,2011,9272,
Male,Taoyuan City,2012,10215,
Male,Taoyuan City,2013,8750,
Male,Taoyuan City,2014,9108,
Female,Kaohsiung City,1994,17606,
Female,Kaohsiung City,1995,18171,
Female,Kaohsiung City,1996,18206,
Female,Kaohsiung City,1997,17966,
Female,Kaohsiung City,1998,14938,
Female,Kaohsiung City,1999,15542,
Female,Kaohsiung City,2000,16856,
Female,Kaohsiung City,2001,13899,
Female,Kaohsiung City,2002,13205,
Female,Kaohsiung City,2003,12265,
Female,Kaohsiung City,2004,11418,
Female,Kaohsiung City,2005,11197,
Female,Kaohsiung City,2006,10969,
Female,Kaohsiung City,2007,10842,
Female,Kaohsiung City,2008,10662,
Female,Kaohsiung City,2009,10139,
Female,Kaohsiung City,2010,9007,
Female,Kaohsiung City,2011,10254,
Female,Kaohsiung City,2012,12049,
Female,Kaohsiung City,2013,10561,
Female,Kaohsiung City,2014,10756,
Female,Kaohsiung City,2015,10754,
Female,Kaohsiung City,2016,10528,
Female,Kaohsiung City,2017,9731,
Female,Kaohsiung City,2018,9636,
Female,Kaohsiung City,2019,9407,
Female,Kaohsiung City,2020,9140,
Female,Kaohsiung City,2021,8719,
Male,Kaohsiung City,1994,19301,
Male,Kaohsiung City,1995,19761,
Male,Kaohsiung City,1996,19486,
Male,Kaohsiung City,1997,19317,
Male,Kaohsiung City,1998,15938,
Male,Kaohsiung City,1999,16686,
Male,Kaohsiung City,2000,18571,
Male,Kaohsiung City,2001,15169,
Male,Kaohsiung City,2002,14450,
Male,Kaohsiung City,2003,13213,
Male,Kaohsiung City,2004,12640,
Male,Kaohsiung City,2005,12180,
Male,Kaohsiung City,2006,11899,
Male,Kaohsiung City,2007,12121,
Male,Kaohsiung City,2008,11520,
Male,Kaohsiung City,2009,10938,
Male,Kaohsiung City,2010,9677,
Male,Kaohsiung City,2011,11157,
Male,Kaohsiung City,2012,12914,
Male,Kaohsiung City,2013,11065,
Male,Kaohsiung City,2014,11764,
Male,Kaohsiung City,2015,11715,
Male,Kaohsiung City,2016,11229,
Male,Kaohsiung City,2017,10529,
Male,Kaohsiung City,2018,10471,
Male,Kaohsiung City,2019,10040,
Male,Kaohsiung City,2020,9789,
Male,Kaohsiung City,2021,9333,
Female,Keelung City,1994,2652,
Female,Keelung City,1995,2696,
Female,Keelung City,1996,2578,
Female,Keelung City,1997,2529,
Female,Keelung City,1998,2170,
Female,Keelung City,1999,2193,
Female,Keelung City,2000,2422,
Female,Keelung City,2001,1896,
Female,Keelung City,2002,1828,
Female,Keelung City,2003,1553,
Female,Keelung City,2004,1520,
Female,Keelung City,2005,1423,
Female,Keelung City,2006,1475,
Female,Keelung City,2007,1408,
Female,Keelung City,2008,1277,
Female,Keelung City,2009,1270,
Female,Keelung City,2010,1068,
Female,Keelung City,2011,974,
Female,Keelung City,2012,1161,
Female,Keelung City,2013,1042,
Female,Keelung City,2014,1011,
Female,Keelung City,2015,1112,
Female,Keelung City,2016,1286,
Female,Keelung City,2017,1103,
Female,Keelung City,2018,1042,
Female,Keelung City,2019,984,
Female,Keelung City,2020,984,
Female,Keelung City,2021,864,
Male,Keelung City,1994,2825,
Male,Keelung City,1995,2924,
Male,Keelung City,1996,2956,
Male,Keelung City,1997,2736,
Male,Keelung City,1998,2298,
Male,Keelung City,1999,2429,
Male,Keelung City,2000,2629,
Male,Keelung City,2001,2116,
Male,Keelung City,2002,1962,
Male,Keelung City,2003,1791,
Male,Keelung City,2004,1664,
Male,Keelung City,2005,1592,
Male,Keelung City,2006,1529,
Male,Keelung City,2007,1535,
Male,Keelung City,2008,1477,
Male,Keelung City,2009,1314,
Male,Keelung City,2010,1123,
Male,Keelung City,2011,1001,
Male,Keelung City,2012,1238,
Male,Keelung City,2013,1123,
Male,Keelung City,2014,1051,
Male,Keelung City,2015,1327,
Male,Keelung City,2016,1262,
Male,Keelung City,2017,1145,
Male,Keelung City,2018,1138,
Male,Keelung City,2019,1100,
Male,Keelung City,2020,1023,
Male,Keelung City,2021,956,
Female,Lianjiang County,1994,31,
Female,Lianjiang County,1995,38,
Female,Lianjiang County,1996,31,
Female,Lianjiang County,1997,44,
Female,Lianjiang County,1998,35,
Female,Lianjiang County,1999,40,
Female,Lianjiang County,2000,42,
Female,Lianjiang County,2001,49,
Female,Lianjiang County,2002,48,
Female,Lianjiang County,2003,48,
Female,Lianjiang County,2004,35,
Female,Lianjiang County,2005,44,
Female,Lianjiang County,2006,44,
Female,Lianjiang County,2007,52,
Female,Lianjiang County,2008,46,
Female,Lianjiang County,2009,47,
Female,Lianjiang County,2010,43,
Female,Lianjiang County,2011,61,
Female,Lianjiang County,2012,77,
Female,Lianjiang County,2013,76,
Female,Lianjiang County,2014,93,
Female,Lianjiang County,2015,83,
Female,Lianjiang County,2016,72,
Female,Lianjiang County,2017,60,
Female,Lianjiang County,2018,60,
Female,Lianjiang County,2019,66,
Female,Lianjiang County,2020,53,
Female,Lianjiang County,2021,51,
Male,Lianjiang County,1994,34,
Male,Lianjiang County,1995,28,
Male,Lianjiang County,1996,41,
Male,Lianjiang County,1997,43,
Male,Lianjiang County,1998,36,
Male,Lianjiang County,1999,46,
Male,Lianjiang County,2000,55,
Male,Lianjiang County,2001,52,
Male,Lianjiang County,2002,56,
Male,Lianjiang County,2003,55,
Male,Lianjiang County,2004,47,
Male,Lianjiang County,2005,63,
Male,Lianjiang County,2006,50,
Male,Lianjiang County,2007,63,
Male,Lianjiang County,2008,58,
Male,Lianjiang County,2009,60,
Male,Lianjiang County,2010,56,
Male,Lianjiang County,2011,71,
Male,Lianjiang County,2012,77,
Male,Lianjiang County,2013,77,
Male,Lianjiang County,2014,80,
Male,Lianjiang County,2015,82,
Male,Lianjiang County,2016,92,
Male,Lianjiang County,2017,79,
Male,Lianjiang County,2018,73,
Male,Lianjiang County,2019,80,
Male,Lianjiang County,2020,64,
Male,Lianjiang County,2021,62,
Female,Yunlin County,1994,5975,
Female,Yunlin County,1995,6018,
Female,Yunlin County,1996,5834,
Female,Yunlin County,1997,5858,
Female,Yunlin County,1998,4898,
Female,Yunlin County,1999,5072,
Female,Yunlin County,2000,5342,
Female,Yunlin County,2001,4646,
Female,Yunlin County,2002,4548,
Female,Yunlin County,2003,4122,
Female,Yunlin County,2004,3627,
Female,Yunlin County,2005,3464,
Female,Yunlin County,2006,3252,
Female,Yunlin County,2007,3084,
Female,Yunlin County,2008,2971,
Female,Yunlin County,2009,2818,
Female,Yunlin County,2010,2354,
Female,Yunlin County,2011,2614,
Female,Yunlin County,2012,2898,
Female,Yunlin County,2013,2517,
Female,Yunlin County,2014,2567,
Female,Yunlin County,2015,2397,
Female,Yunlin County,2016,2330,
Female,Yunlin County,2017,2223,
Female,Yunlin County,2018,1943,
Female,Yunlin County,2019,2008,
Female,Yunlin County,2020,1948,
Female,Yunlin County,2021,1847,
Male,Yunlin County,1994,6370,
Male,Yunlin County,1995,6658,
Male,Yunlin County,1996,6489,
Male,Yunlin County,1997,6567,
Male,Yunlin County,1998,5353,
Male,Yunlin County,1999,5673,
Male,Yunlin County,2000,6119,
Male,Yunlin County,2001,5135,
Male,Yunlin County,2002,4875,
Male,Yunlin County,2003,4735,
Male,Yunlin County,2004,4088,
Male,Yunlin County,2005,3793,
Male,Yunlin County,2006,3658,
Male,Yunlin County,2007,3416,
Male,Yunlin County,2008,3397,
Male,Yunlin County,2009,3148,
Male,Yunlin County,2010,2703,
Male,Yunlin County,2011,2828,
Male,Yunlin County,2012,3269,
Male,Yunlin County,2013,2609,
Male,Yunlin County,2014,2771,
Male,Yunlin County,2015,2589,
Male,Yunlin County,2016,2444,
Male,Yunlin County,2017,2310,
Male,Yunlin County,2018,2157,
Male,Yunlin County,2019,2243,
Male,Yunlin County,2020,2061,
Male,Yunlin County,2021,1983,
Female,New Taipei City,2011,16487,
Female,New Taipei City,2012,19807,
Female,New Taipei City,2013,17279,
Female,New Taipei City,2014,18685,
Female,New Taipei City,2015,17574,
Female,New Taipei City,2016,16593,
Female,New Taipei City,2017,15350,
Female,New Taipei City,2018,13977,
Female,New Taipei City,2019,13742,
Female,New Taipei City,2020,12719,
Female,New Taipei City,2021,11726,
Male,New Taipei City,2011,17836,
Male,New Taipei City,2012,21040,
Male,New Taipei City,2013,18636,
Male,New Taipei City,2014,19919,
Male,New Taipei City,2015,18739,
Male,New Taipei City,2016,17738,
Male,New Taipei City,2017,16261,
Male,New Taipei City,2018,14950,
Male,New Taipei City,2019,14645,
Male,New Taipei City,2020,13462,
Male,New Taipei City,2021,12502,
Female,Hsinchu City,1994,2618,
Female,Hsinchu City,1995,2642,
Female,Hsinchu City,1996,2608,
Female,Hsinchu City,1997,2685,
Female,Hsinchu City,1998,2131,
Female,Hsinchu City,1999,2306,
Female,Hsinchu City,2000,2584,
Female,Hsinchu City,2001,2325,
Female,Hsinchu City,2002,2318,
Female,Hsinchu City,2003,2162,
Female,Hsinchu City,2004,2246,
Female,Hsinchu City,2005,2178,
Female,Hsinchu City,2006,2361,
Female,Hsinchu City,2007,2444,
Female,Hsinchu City,2008,2423,
Female,Hsinchu City,2009,2597,
Female,Hsinchu City,2010,2251,
Female,Hsinchu City,2011,2543,
Female,Hsinchu City,2012,3033,
Female,Hsinchu City,2013,2479,
Female,Hsinchu City,2014,2728,
Female,Hsinchu City,2015,2358,
Female,Hsinchu City,2016,2234,
Female,Hsinchu City,2017,2072,
Female,Hsinchu City,2018,1995,
Female,Hsinchu City,2019,1884,
Female,Hsinchu City,2020,1682,
Female,Hsinchu City,2021,1695,
Male,Hsinchu City,1994,2772,
Male,Hsinchu City,1995,2879,
Male,Hsinchu City,1996,2907,
Male,Hsinchu City,1997,2892,
Male,Hsinchu City,1998,2454,
Male,Hsinchu City,1999,2620,
Male,Hsinchu City,2000,2865,
Male,Hsinchu City,2001,2539,
Male,Hsinchu City,2002,2631,
Male,Hsinchu City,2003,2359,
Male,Hsinchu City,2004,2526,
Male,Hsinchu City,2005,2370,
Male,Hsinchu City,2006,2497,
Male,Hsinchu City,2007,2573,
Male,Hsinchu City,2008,2792,
Male,Hsinchu City,2009,2731,
Male,Hsinchu City,2010,2492,
Male,Hsinchu City,2011,2826,
Male,Hsinchu City,2012,3128,
Male,Hsinchu City,2013,2688,
Male,Hsinchu City,2014,2775,
Male,Hsinchu City,2015,2618,
Male,Hsinchu City,2016,2363,
Male,Hsinchu City,2017,2215,
Male,Hsinchu City,2018,2024,
Male,Hsinchu City,2019,2034,
Male,Hsinchu City,2020,1901,
Male,Hsinchu City,2021,1756,
Female,Hsinchu County,1994,3627,
Female,Hsinchu County,1995,3738,
Female,Hsinchu County,1996,3757,
Female,Hsinchu County,1997,3704,
Female,Hsinchu County,1998,3124,
Female,Hsinchu County,1999,3376,
Female,Hsinchu County,2000,3626,
Female,Hsinchu County,2001,3160,
Female,Hsinchu County,2002,3079,
Female,Hsinchu County,2003,2912,
Female,Hsinchu County,2004,2802,
Female,Hsinchu County,2005,2711,
Female,Hsinchu County,2006,2844,
Female,Hsinchu County,2007,2939,
Female,Hsinchu County,2008,2886,
Female,Hsinchu County,2009,2857,
Female,Hsinchu County,2010,2362,
Female,Hsinchu County,2011,2645,
Female,Hsinchu County,2012,3058,
Female,Hsinchu County,2013,2646,
Female,Hsinchu County,2014,2749,
Female,Hsinchu County,2015,2673,
Female,Hsinchu County,2016,2683,
Female,Hsinchu County,2017,2356,
Female,Hsinchu County,2018,2118,
Female,Hsinchu County,2019,2125,
Female,Hsinchu County,2020,2122,
Female,Hsinchu County,2021,2130,
Male,Hsinchu County,1994,3982,
Male,Hsinchu County,1995,3921,
Male,Hsinchu County,1996,4013,
Male,Hsinchu County,1997,4020,
Male,Hsinchu County,1998,3475,
Male,Hsinchu County,1999,3760,
Male,Hsinchu County,2000,3992,
Male,Hsinchu County,2001,3638,
Male,Hsinchu County,2002,3496,
Male,Hsinchu County,2003,3113,
Male,Hsinchu County,2004,3130,
Male,Hsinchu County,2005,2997,
Male,Hsinchu County,2006,3054,
Male,Hsinchu County,2007,3247,
Male,Hsinchu County,2008,3302,
Male,Hsinchu County,2009,3186,
Male,Hsinchu County,2010,2669,
Male,Hsinchu County,2011,2836,
Male,Hsinchu County,2012,3146,
Male,Hsinchu County,2013,2787,
Male,Hsinchu County,2014,3006,
Male,Hsinchu County,2015,2911,
Male,Hsinchu County,2016,2873,
Male,Hsinchu County,2017,2597,
Male,Hsinchu County,2018,2331,
Male,Hsinchu County,2019,2327,
Male,Hsinchu County,2020,2186,
Male,Hsinchu County,2021,2090,
Female,Chiayi City,1994,1705,
Female,Chiayi City,1995,1787,
Female,Chiayi City,1996,1857,
Female,Chiayi City,1997,1801,
Female,Chiayi City,1998,1407,
Female,Chiayi City,1999,1424,
Female,Chiayi City,2000,1509,
Female,Chiayi City,2001,1288,
Female,Chiayi City,2002,1200,
Female,Chiayi City,2003,1112,
Female,Chiayi City,2004,1075,
Female,Chiayi City,2005,957,
Female,Chiayi City,2006,1053,
Female,Chiayi City,2007,1065,
Female,Chiayi City,2008,959,
Female,Chiayi City,2009,951,
Female,Chiayi City,2010,844,
Female,Chiayi City,2011,865,
Female,Chiayi City,2012,1005,
Female,Chiayi City,2013,931,
Female,Chiayi City,2014,1001,
Female,Chiayi City,2015,1105,
Female,Chiayi City,2016,1083,
Female,Chiayi City,2017,914,
Female,Chiayi City,2018,870,
Female,Chiayi City,2019,825,
Female,Chiayi City,2020,695,
Female,Chiayi City,2021,670,
Male,Chiayi City,1994,1881,
Male,Chiayi City,1995,1910,
Male,Chiayi City,1996,1841,
Male,Chiayi City,1997,1873,
Male,Chiayi City,1998,1539,
Male,Chiayi City,1999,1665,
Male,Chiayi City,2000,1745,
Male,Chiayi City,2001,1447,
Male,Chiayi City,2002,1363,
Male,Chiayi City,2003,1220,
Male,Chiayi City,2004,1206,
Male,Chiayi City,2005,1029,
Male,Chiayi City,2006,1108,
Male,Chiayi City,2007,1117,
Male,Chiayi City,2008,1183,
Male,Chiayi City,2009,1056,
Male,Chiayi City,2010,930,
Male,Chiayi City,2011,1039,
Male,Chiayi City,2012,1067,
Male,Chiayi City,2013,1049,
Male,Chiayi City,2014,1131,
Male,Chiayi City,2015,1119,
Male,Chiayi City,2016,1128,
Male,Chiayi City,2017,1010,
Male,Chiayi City,2018,1016,
Male,Chiayi City,2019,897,
Male,Chiayi City,2020,731,
Male,Chiayi City,2021,703,
Female,Chiayi County,1994,4613,
Female,Chiayi County,1995,4536,
Female,Chiayi County,1996,4463,
Female,Chiayi County,1997,4491,
Female,Chiayi County,1998,3773,
Female,Chiayi County,1999,3871,
Female,Chiayi County,2000,4150,
Female,Chiayi County,2001,3605,
Female,Chiayi County,2002,3458,
Female,Chiayi County,2003,3204,
Female,Chiayi County,2004,2844,
Female,Chiayi County,2005,2711,
Female,Chiayi County,2006,2519,
Female,Chiayi County,2007,2322,
Female,Chiayi County,2008,2216,
Female,Chiayi County,2009,2019,
Female,Chiayi County,2010,1690,
Female,Chiayi County,2011,1735,
Female,Chiayi County,2012,1875,
Female,Chiayi County,2013,1488,
Female,Chiayi County,2014,1410,
Female,Chiayi County,2015,1455,
Female,Chiayi County,2016,1386,
Female,Chiayi County,2017,1365,
Female,Chiayi County,2018,1258,
Female,Chiayi County,2019,1425,
Female,Chiayi County,2020,1426,
Female,Chiayi County,2021,1288,
Male,Chiayi County,1994,4830,
Male,Chiayi County,1995,4970,
Male,Chiayi County,1996,4863,
Male,Chiayi County,1997,4900,
Male,Chiayi County,1998,4184,
Male,Chiayi County,1999,4123,
Male,Chiayi County,2000,4777,
Male,Chiayi County,2001,3999,
Male,Chiayi County,2002,3777,
Male,Chiayi County,2003,3417,
Male,Chiayi County,2004,3185,
Male,Chiayi County,2005,2942,
Male,Chiayi County,2006,2723,
Male,Chiayi County,2007,2552,
Male,Chiayi County,2008,2449,
Male,Chiayi County,2009,2233,
Male,Chiayi County,2010,1795,
Male,Chiayi County,2011,1842,
Male,Chiayi County,2012,2014,
Male,Chiayi County,2013,1642,
Male,Chiayi County,2014,1555,
Male,Chiayi County,2015,1599,
Male,Chiayi County,2016,1537,
Male,Chiayi County,2017,1438,
Male,Chiayi County,2018,1301,
Male,Chiayi County,2019,1541,
Male,Chiayi County,2020,1496,
Male,Chiayi County,2021,1377,
Female,Changhua County,1994,9766,
Female,Changhua County,1995,10040,
Female,Changhua County,1996,9869,
Female,Changhua County,1997,9939,
Female,Changhua County,1998,8530,
Female,Changhua County,1999,8731,
Female,Changhua County,2000,9167,
Female,Changhua County,2001,8179,
Female,Changhua County,2002,7678,
Female,Changhua County,2003,7120,
Female,Changhua County,2004,6698,
Female,Changhua County,2005,6339,
Female,Changhua County,2006,6086,
Female,Changhua County,2007,5851,
Female,Changhua County,2008,5815,
Female,Changhua County,2009,5814,
Female,Changhua County,2010,5061,
Female,Changhua County,2011,5776,
Female,Changhua County,2012,6524,
Female,Changhua County,2013,5490,
Female,Changhua County,2014,5809,
Female,Changhua County,2015,6361,
Female,Changhua County,2016,6638,
Female,Changhua County,2017,6299,
Female,Changhua County,2018,6125,
Female,Changhua County,2019,5939,
Female,Changhua County,2020,5734,
Female,Changhua County,2021,5525,
Male,Changhua County,1994,10676,
Male,Changhua County,1995,10885,
Male,Changhua County,1996,11013,
Male,Changhua County,1997,10774,
Male,Changhua County,1998,9150,
Male,Changhua County,1999,9593,
Male,Changhua County,2000,10267,
Male,Changhua County,2001,8802,
Male,Changhua County,2002,8549,
Male,Changhua County,2003,7883,
Male,Changhua County,2004,7589,
Male,Changhua County,2005,6767,
Male,Changhua County,2006,6853,
Male,Changhua County,2007,6639,
Male,Changhua County,2008,6331,
Male,Changhua County,2009,6431,
Male,Changhua County,2010,5522,
Male,Changhua County,2011,6057,
Male,Changhua County,2012,7134,
Male,Changhua County,2013,6101,
Male,Changhua County,2014,6224,
Male,Changhua County,2015,6953,
Male,Changhua County,2016,7169,
Male,Changhua County,2017,6771,
Male,Changhua County,2018,6402,
Male,Changhua County,2019,6469,
Male,Changhua County,2020,6362,
Male,Changhua County,2021,5863,
Female,Taichung City,1994,16934,
Female,Taichung City,1995,17616,
Female,Taichung City,1996,18021,
Female,Taichung City,1997,18007,
Female,Taichung City,1998,14830,
Female,Taichung City,1999,15962,
Female,Taichung City,2000,16856,
Female,Taichung City,2001,14617,
Female,Taichung City,2002,13845,
Female,Taichung City,2003,12436,
Female,Taichung City,2004,12033,
Female,Taichung City,2005,11464,
Female,Taichung City,2006,11332,
Female,Taichung City,2007,11901,
Female,Taichung City,2008,11339,
Female,Taichung City,2009,10832,
Female,Taichung City,2010,9304,
Female,Taichung City,2011,11584,
Female,Taichung City,2012,13696,
Female,Taichung City,2013,11842,
Female,Taichung City,2014,12637,
Female,Taichung City,2015,12588,
Female,Taichung City,2016,12310,
Female,Taichung City,2017,11560,
Female,Taichung City,2018,10996,
Female,Taichung City,2019,10340,
Female,Taichung City,2020,9518,
Female,Taichung City,2021,8864,
Male,Taichung City,1994,18637,
Male,Taichung City,1995,18965,
Male,Taichung City,1996,19403,
Male,Taichung City,1997,19823,
Male,Taichung City,1998,16151,
Male,Taichung City,1999,17417,
Male,Taichung City,2000,18165,
Male,Taichung City,2001,15780,
Male,Taichung City,2002,14948,
Male,Taichung City,2003,13546,
Male,Taichung City,2004,13035,
Male,Taichung City,2005,12585,
Male,Taichung City,2006,12515,
Male,Taichung City,2007,12702,
Male,Taichung City,2008,12308,
Male,Taichung City,2009,11769,
Male,Taichung City,2010,10233,
Male,Taichung City,2011,12443,
Male,Taichung City,2012,14628,
Male,Taichung City,2013,12713,
Male,Taichung City,2014,13557,
Male,Taichung City,2015,13725,
Male,Taichung City,2016,13345,
Male,Taichung City,2017,12778,
Male,Taichung City,2018,11650,
Male,Taichung City,2019,11262,
Male,Taichung City,2020,10095,
Male,Taichung City,2021,9440,
Female,Taipei City,1994,15948,
Female,Taipei City,1995,16518,
Female,Taipei City,1996,16579,
Female,Taipei City,1997,16797,
Female,Taipei City,1998,14400,
Female,Taipei City,1999,15142,
Female,Taipei City,2000,16138,
Female,Taipei City,2001,13041,
Female,Taipei City,2002,12239,
Female,Taipei City,2003,11173,
Female,Taipei City,2004,10428,
Female,Taipei City,2005,9904,
Female,Taipei City,2006,10138,
Female,Taipei City,2007,10503,
Female,Taipei City,2008,9976,
Female,Taipei City,2009,9406,
Female,Taipei City,2010,8915,
Female,Taipei City,2011,12194,
Female,Taipei City,2012,14156,
Female,Taipei City,2013,12943,
Female,Taipei City,2014,14184,
Female,Taipei City,2015,13886,
Female,Taipei City,2016,13487,
Female,Taipei City,2017,12164,
Female,Taipei City,2018,11068,
Female,Taipei City,2019,10368,
Female,Taipei City,2020,9073,
Female,Taipei City,2021,8071,
Male,Taipei City,1994,17657,
Male,Taipei City,1995,18245,
Male,Taipei City,1996,17572,
Male,Taipei City,1997,18265,
Male,Taipei City,1998,15803,
Male,Taipei City,1999,16670,
Male,Taipei City,2000,17540,
Male,Taipei City,2001,13957,
Male,Taipei City,2002,13408,
Male,Taipei City,2003,12138,
Male,Taipei City,2004,11726,
Male,Taipei City,2005,11058,
Male,Taipei City,2006,11013,
Male,Taipei City,2007,11117,
Male,Taipei City,2008,10715,
Male,Taipei City,2009,9997,
Male,Taipei City,2010,9615,
Male,Taipei City,2011,12938,
Male,Taipei City,2012,15342,
Male,Taipei City,2013,13767,
Male,Taipei City,2014,14840,
Male,Taipei City,2015,15101,
Male,Taipei City,2016,14505,
Male,Taipei City,2017,12878,
Male,Taipei City,2018,11781,
Male,Taipei City,2019,11100,
Male,Taipei City,2020,9956,
Male,Taipei City,2021,8624,
Female,New Taipei City,1994,23600,
Female,New Taipei City,1995,24347,
Female,New Taipei City,1996,23134,
Female,New Taipei City,1997,22996,
Female,New Taipei City,1998,19185,
Female,New Taipei City,1999,19788,
Female,New Taipei City,2000,21562,
Female,New Taipei City,2001,18704,
Female,New Taipei City,2002,17477,
Female,New Taipei City,2003,16240,
Female,New Taipei City,2004,15734,
Female,New Taipei City,2005,15244,
Female,New Taipei City,2006,15332,
Female,New Taipei City,2007,15434,
Female,New Taipei City,2008,15330,
Female,New Taipei City,2009,15334,
Female,New Taipei City,2010,13213,
Male,New Taipei City,1994,25607,
Male,New Taipei City,1995,25887,
Male,New Taipei City,1996,24903,
Male,New Taipei City,1997,25052,
Male,New Taipei City,1998,20432,
Male,New Taipei City,1999,21336,
Male,New Taipei City,2000,23362,
Male,New Taipei City,2001,20400,
Male,New Taipei City,2002,19385,
Male,New Taipei City,2003,18046,
Male,New Taipei City,2004,17497,
Male,New Taipei City,2005,16432,
Male,New Taipei City,2006,16960,
Male,New Taipei City,2007,17010,
Male,New Taipei City,2008,16925,
Male,New Taipei City,2009,16759,
Male,New Taipei City,2010,14404,
Female,Taitung County,1994,1996,
Female,Taitung County,1995,1976,
Female,Taitung County,1996,1989,
Female,Taitung County,1997,1963,
Female,Taitung County,1998,1701,
Female,Taitung County,1999,1643,
Female,Taitung County,2000,1693,
Female,Taitung County,2001,1496,
Female,Taitung County,2002,1480,
Female,Taitung County,2003,1263,
Female,Taitung County,2004,1190,
Female,Taitung County,2005,1128,
Female,Taitung County,2006,1104,
Female,Taitung County,2007,1051,
Female,Taitung County,2008,948,
Female,Taitung County,2009,909,
Female,Taitung County,2010,831,
Female,Taitung County,2011,863,
Female,Taitung County,2012,864,
Female,Taitung County,2013,760,
Female,Taitung County,2014,842,
Female,Taitung County,2015,824,
Female,Taitung County,2016,724,
Female,Taitung County,2017,712,
Female,Taitung County,2018,701,
Female,Taitung County,2019,696,
Female,Taitung County,2020,659,
Female,Taitung County,2021,607,
Male,Taitung County,1994,2225,
Male,Taitung County,1995,2228,
Male,Taitung County,1996,2168,
Male,Taitung County,1997,2070,
Male,Taitung County,1998,1846,
Male,Taitung County,1999,1806,
Male,Taitung County,2000,1825,
Male,Taitung County,2001,1612,
Male,Taitung County,2002,1576,
Male,Taitung County,2003,1437,
Male,Taitung County,2004,1273,
Male,Taitung County,2005,1253,
Male,Taitung County,2006,1214,
Male,Taitung County,2007,1165,
Male,Taitung County,2008,1109,
Male,Taitung County,2009,1031,
Male,Taitung County,2010,891,
Male,Taitung County,2011,883,
Male,Taitung County,2012,994,
Male,Taitung County,2013,897,
Male,Taitung County,2014,897,
Male,Taitung County,2015,781,
Male,Taitung County,2016,831,
Male,Taitung County,2017,772,
Male,Taitung County,2018,778,
Male,Taitung County,2019,798,
Male,Taitung County,2020,705,
Male,Taitung County,2021,709,
Female,Tainan City,1994,12319,
Female,Tainan City,1995,12427,
Female,Tainan City,1996,11976,
Female,Tainan City,1997,12019,
Female,Tainan City,1998,9689,
Female,Tainan City,1999,10389,
Female,Tainan City,2000,11254,
Female,Tainan City,2001,9490,
Female,Tainan City,2002,8721,
Female,Tainan City,2003,7962,
Female,Tainan City,2004,7759,
Female,Tainan City,2005,7373,
Female,Tainan City,2006,7326,
Female,Tainan City,2007,7211,
Female,Tainan City,2008,7129,
Female,Tainan City,2009,6883,
Female,Tainan City,2010,5463,
Female,Tainan City,2011,6751,
Female,Tainan City,2012,8530,
Female,Tainan City,2013,7184,
Female,Tainan City,2014,7468,
Female,Tainan City,2015,7573,
Female,Tainan City,2016,6941,
Female,Tainan City,2017,6656,
Female,Tainan City,2018,6004,
Female,Tainan City,2019,5713,
Female,Tainan City,2020,5152,
Female,Tainan City,2021,4558,
Male,Tainan City,1994,13181,
Male,Tainan City,1995,13421,
Male,Tainan City,1996,13065,
Male,Tainan City,1997,13333,
Male,Tainan City,1998,10854,
Male,Tainan City,1999,11280,
Male,Tainan City,2000,12214,
Male,Tainan City,2001,10197,
Male,Tainan City,2002,9573,
Male,Tainan City,2003,8889,
Male,Tainan City,2004,8352,
Male,Tainan City,2005,8103,
Male,Tainan City,2006,7958,
Male,Tainan City,2007,8029,
Male,Tainan City,2008,7644,
Male,Tainan City,2009,7313,
Male,Tainan City,2010,6149,
Male,Tainan City,2011,7457,
Male,Tainan City,2012,9222,
Male,Tainan City,2013,7604,
Male,Tainan City,2014,7958,
Male,Tainan City,2015,8196,
Male,Tainan City,2016,7757,
Male,Tainan City,2017,7117,
Male,Tainan City,2018,6375,
Male,Tainan City,2019,6128,
Male,Tainan City,2020,5631,
Male,Tainan City,2021,5076,
Female,Penghu County,1994,597,
Female,Penghu County,1995,619,
Female,Penghu County,1996,543,
Female,Penghu County,1997,612,
Female,Penghu County,1998,483,
Female,Penghu County,1999,514,
Female,Penghu County,2000,576,
Female,Penghu County,2001,512,
Female,Penghu County,2002,525,
Female,Penghu County,2003,458,
Female,Penghu County,2004,458,
Female,Penghu County,2005,426,
Female,Penghu County,2006,410,
Female,Penghu County,2007,378,
Female,Penghu County,2008,339,
Female,Penghu County,2009,368,
Female,Penghu County,2010,313,
Female,Penghu County,2011,400,
Female,Penghu County,2012,463,
Female,Penghu County,2013,411,
Female,Penghu County,2014,450,
Female,Penghu County,2015,409,
Female,Penghu County,2016,486,
Female,Penghu County,2017,464,
Female,Penghu County,2018,411,
Female,Penghu County,2019,480,
Female,Penghu County,2020,468,
Female,Penghu County,2021,427,
Male,Penghu County,1994,647,
Male,Penghu County,1995,663,
Male,Penghu County,1996,609,
Male,Penghu County,1997,679,
Male,Penghu County,1998,547,
Male,Penghu County,1999,570,
Male,Penghu County,2000,662,
Male,Penghu County,2001,581,
Male,Penghu County,2002,551,
Male,Penghu County,2003,568,
Male,Penghu County,2004,483,
Male,Penghu County,2005,423,
Male,Penghu County,2006,451,
Male,Penghu County,2007,406,
Male,Penghu County,2008,387,
Male,Penghu County,2009,396,
Male,Penghu County,2010,349,
Male,Penghu County,2011,410,
Male,Penghu County,2012,515,
Male,Penghu County,2013,456,
Male,Penghu County,2014,493,
Male,Penghu County,2015,483,
Male,Penghu County,2016,518,
Male,Penghu County,2017,574,
Male,Penghu County,2018,470,
Male,Penghu County,2019,508,
Male,Penghu County,2020,528,
Male,Penghu County,2021,480,
All,Yilan County,1994,7825,
All,Yilan County,1995,7762,
All,Yilan County,1996,7511,
All,Yilan County,1997,7471,
All,Yilan County,1998,5992,
All,Yilan County,1999,5951,
All,Yilan County,2000,6388,
All,Yilan County,2001,5487,
All,Yilan County,2002,5092,
All,Yilan County,2003,4701,
All,Yilan County,2004,4428,
All,Yilan County,2005,4098,
All,Yilan County,2006,3952,
All,Yilan County,2007,3796,
All,Yilan County,2008,3683,
All,Yilan County,2009,3637,
All,Yilan County,2010,3448,
All,Yilan County,2011,3544,
All,Yilan County,2012,3930,
All,Yilan County,2013,3495,
All,Yilan County,2014,3527,
All,Yilan County,2015,3437,
All,Yilan County,2016,3525,
All,Yilan County,2017,3328,
All,Yilan County,2018,3055,
All,Yilan County,2019,3096,
All,Yilan County,2020,2854,
All,Yilan County,2021,2820,
All,Hualien County,1994,5810,
All,Hualien County,1995,5827,
All,Hualien County,1996,5802,
All,Hualien County,1997,5522,
All,Hualien County,1998,4624,
All,Hualien County,1999,4675,
All,Hualien County,2000,4677,
All,Hualien County,2001,4188,
All,Hualien County,2002,3920,
All,Hualien County,2003,3550,
All,Hualien County,2004,3415,
All,Hualien County,2005,3106,
All,Hualien County,2006,3062,
All,Hualien County,2007,2967,
All,Hualien County,2008,2824,
All,Hualien County,2009,2612,
All,Hualien County,2010,2341,
All,Hualien County,2011,2603,
All,Hualien County,2012,2782,
All,Hualien County,2013,2657,
All,Hualien County,2014,2639,
All,Hualien County,2015,2693,
All,Hualien County,2016,2682,
All,Hualien County,2017,2372,
All,Hualien County,2018,2411,
All,Hualien County,2019,2430,
All,Hualien County,2020,2175,
All,Hualien County,2021,2116,
All,Kinmen County,1994,610,
All,Kinmen County,1995,611,
All,Kinmen County,1996,599,
All,Kinmen County,1997,652,
All,Kinmen County,1998,600,
All,Kinmen County,1999,639,
All,Kinmen County,2000,786,
All,Kinmen County,2001,746,
All,Kinmen County,2002,738,
All,Kinmen County,2003,715,
All,Kinmen County,2004,741,
All,Kinmen County,2005,739,
All,Kinmen County,2006,812,
All,Kinmen County,2007,937,
All,Kinmen County,2008,970,
All,Kinmen County,2009,1050,
All,Kinmen County,2010,1053,
All,Kinmen County,2011,1154,
All,Kinmen County,2012,1431,
All,Kinmen County,2013,1318,
All,Kinmen County,2014,1495,
All,Kinmen County,2015,1396,
All,Kinmen County,2016,1360,
All,Kinmen County,2017,1281,
All,Kinmen County,2018,1254,
All,Kinmen County,2019,1211,
All,Kinmen County,2020,1035,
All,Kinmen County,2021,1029,
All,Nantou County,1994,9291,
All,Nantou County,1995,9024,
All,Nantou County,1996,8884,
All,Nantou County,1997,8710,
All,Nantou County,1998,7279,
All,Nantou County,1999,7152,
All,Nantou County,2000,7598,
All,Nantou County,2001,6750,
All,Nantou County,2002,6299,
All,Nantou County,2003,5616,
All,Nantou County,2004,5356,
All,Nantou County,2005,5015,
All,Nantou County,2006,4744,
All,Nantou County,2007,4588,
All,Nantou County,2008,4279,
All,Nantou County,2009,3914,
All,Nantou County,2010,3420,
All,Nantou County,2011,3477,
All,Nantou County,2012,4056,
All,Nantou County,2013,3481,
All,Nantou County,2014,3559,
All,Nantou County,2015,3576,
All,Nantou County,2016,3630,
All,Nantou County,2017,3336,
All,Nantou County,2018,3232,
All,Nantou County,2019,3174,
All,Nantou County,2020,3142,
All,Nantou County,2021,2839,
All,Pingtung County,1994,14578,
All,Pingtung County,1995,14607,
All,Pingtung County,1996,14528,
All,Pingtung County,1997,14080,
All,Pingtung County,1998,11558,
All,Pingtung County,1999,11517,
All,Pingtung County,2000,12418,
All,Pingtung County,2001,10560,
All,Pingtung County,2002,10088,
All,Pingtung County,2003,9204,
All,Pingtung County,2004,8383,
All,Pingtung County,2005,8003,
All,Pingtung County,2006,7668,
All,Pingtung County,2007,7256,
All,Pingtung County,2008,6908,
All,Pingtung County,2009,6337,
All,Pingtung County,2010,5261,
All,Pingtung County,2011,5354,
All,Pingtung County,2012,6285,
All,Pingtung County,2013,5049,
All,Pingtung County,2014,5373,
All,Pingtung County,2015,5266,
All,Pingtung County,2016,5129,
All,Pingtung County,2017,4824,
All,Pingtung County,2018,4599,
All,Pingtung County,2019,4764,
All,Pingtung County,2020,4441,
All,Pingtung County,2021,4158,
All,Miaoli County,1994,9455,
All,Miaoli County,1995,9315,
All,Miaoli County,1996,9214,
All,Miaoli County,1997,8916,
All,Miaoli County,1998,7178,
All,Miaoli County,1999,7683,
All,Miaoli County,2000,8126,
All,Miaoli County,2001,7139,
All,Miaoli County,2002,6973,
All,Miaoli County,2003,6230,
All,Miaoli County,2004,5963,
All,Miaoli County,2005,5405,
All,Miaoli County,2006,5289,
All,Miaoli County,2007,5258,
All,Miaoli County,2008,4976,
All,Miaoli County,2009,4639,
All,Miaoli County,2010,4198,
All,Miaoli County,2011,5084,
All,Miaoli County,2012,6207,
All,Miaoli County,2013,5493,
All,Miaoli County,2014,6019,
All,Miaoli County,2015,5756,
All,Miaoli County,2016,4756,
All,Miaoli County,2017,3844,
All,Miaoli County,2018,3346,
All,Miaoli County,2019,3077,
All,Miaoli County,2020,2795,
All,Miaoli County,2021,2652,
All,Taoyuan City,2015,22384,
All,Taoyuan City,2016,23786,
All,Taoyuan City,2017,23356,
All,Taoyuan City,2018,22583,
All,Taoyuan City,2019,22841,
All,Taoyuan City,2020,21444,
All,Taoyuan City,2021,20210,
All,Taoyuan City,1994,24757,
All,Taoyuan City,1995,25921,
All,Taoyuan City,1996,26233,
All,Taoyuan City,1997,26896,
All,Taoyuan City,1998,22865,
All,Taoyuan City,1999,24377,
All,Taoyuan City,2000,26754,
All,Taoyuan City,2001,23153,
All,Taoyuan City,2002,22171,
All,Taoyuan City,2003,20614,
All,Taoyuan City,2004,19825,
All,Taoyuan City,2005,19338,
All,Taoyuan City,2006,19205,
All,Taoyuan City,2007,19435,
All,Taoyuan City,2008,19180,
All,Taoyuan City,2009,18515,
All,Taoyuan City,2010,15838,
All,Taoyuan City,2011,18041,
All,Taoyuan City,2012,19866,
All,Taoyuan City,2013,16757,
All,Taoyuan City,2014,17360,
All,Kaohsiung City,2011,21411,
All,Kaohsiung City,2012,24963,
All,Kaohsiung City,2013,21626,
All,Kaohsiung City,2014,22520,
All,Kaohsiung City,2015,22469,
All,Kaohsiung City,2016,21757,
All,Kaohsiung City,2017,20260,
All,Kaohsiung City,2018,20107,
All,Kaohsiung City,2019,19447,
All,Kaohsiung City,2020,18929,
All,Kaohsiung City,2021,18052,
All,Kaohsiung City,1994,36907,
All,Kaohsiung City,1995,37932,
All,Kaohsiung City,1996,37692,
All,Kaohsiung City,1997,37283,
All,Kaohsiung City,1998,30876,
All,Kaohsiung City,1999,32228,
All,Kaohsiung City,2000,35427,
All,Kaohsiung City,2001,29068,
All,Kaohsiung City,2002,27655,
All,Kaohsiung City,2003,25478,
All,Kaohsiung City,2004,24058,
All,Kaohsiung City,2005,23377,
All,Kaohsiung City,2006,22868,
All,Kaohsiung City,2007,22963,
All,Kaohsiung City,2008,22182,
All,Kaohsiung City,2009,21077,
All,Kaohsiung City,2010,18684,
All,Keelung City,1994,5477,
All,Keelung City,1995,5620,
All,Keelung City,1996,5534,
All,Keelung City,1997,5265,
All,Keelung City,1998,4468,
All,Keelung City,1999,4622,
All,Keelung City,2000,5051,
All,Keelung City,2001,4012,
All,Keelung City,2002,3790,
All,Keelung City,2003,3344,
All,Keelung City,2004,3184,
All,Keelung City,2005,3015,
All,Keelung City,2006,3004,
All,Keelung City,2007,2943,
All,Keelung City,2008,2754,
All,Keelung City,2009,2584,
All,Keelung City,2010,2191,
All,Keelung City,2011,1975,
All,Keelung City,2012,2399,
All,Keelung City,2013,2165,
All,Keelung City,2014,2062,
All,Keelung City,2015,2439,
All,Keelung City,2016,2548,
All,Keelung City,2017,2248,
All,Keelung City,2018,2180,
All,Keelung City,2019,2084,
All,Keelung City,2020,2007,
All,Keelung City,2021,1820,
All,Lianjiang County,1994,65,
All,Lianjiang County,1995,66,
All,Lianjiang County,1996,72,
All,Lianjiang County,1997,87,
All,Lianjiang County,1998,71,
All,Lianjiang County,1999,86,
All,Lianjiang County,2000,97,
All,Lianjiang County,2001,101,
All,Lianjiang County,2002,104,
All,Lianjiang County,2003,103,
All,Lianjiang County,2004,82,
All,Lianjiang County,2005,107,
All,Lianjiang County,2006,94,
All,Lianjiang County,2007,115,
All,Lianjiang County,2008,104,
All,Lianjiang County,2009,107,
All,Lianjiang County,2010,99,
All,Lianjiang County,2011,132,
All,Lianjiang County,2012,154,
All,Lianjiang County,2013,153,
All,Lianjiang County,2014,173,
All,Lianjiang County,2015,165,
All,Lianjiang County,2016,164,
All,Lianjiang County,2017,139,
All,Lianjiang County,2018,133,
All,Lianjiang County,2019,146,
All,Lianjiang County,2020,117,
All,Lianjiang County,2021,113,
All,Yunlin County,1994,12345,
All,Yunlin County,1995,12676,
All,Yunlin County,1996,12323,
All,Yunlin County,1997,12425,
All,Yunlin County,1998,10251,
All,Yunlin County,1999,10745,
All,Yunlin County,2000,11461,
All,Yunlin County,2001,9781,
All,Yunlin County,2002,9423,
All,Yunlin County,2003,8857,
All,Yunlin County,2004,7715,
All,Yunlin County,2005,7257,
All,Yunlin County,2006,6910,
All,Yunlin County,2007,6500,
All,Yunlin County,2008,6368,
All,Yunlin County,2009,5966,
All,Yunlin County,2010,5057,
All,Yunlin County,2011,5442,
All,Yunlin County,2012,6167,
All,Yunlin County,2013,5126,
All,Yunlin County,2014,5338,
All,Yunlin County,2015,4986,
All,Yunlin County,2016,4774,
All,Yunlin County,2017,4533,
All,Yunlin County,2018,4100,
All,Yunlin County,2019,4251,
All,Yunlin County,2020,4009,
All,Yunlin County,2021,3830,
All,New Taipei City,2011,34323,
All,New Taipei City,2012,40847,
All,New Taipei City,2013,35915,
All,New Taipei City,2014,38604,
All,New Taipei City,2015,36313,
All,New Taipei City,2016,34331,
All,New Taipei City,2017,31611,
All,New Taipei City,2018,28927,
All,New Taipei City,2019,28387,
All,New Taipei City,2020,26181,
All,New Taipei City,2021,24228,
All,Hsinchu City,1994,5390,
All,Hsinchu City,1995,5521,
All,Hsinchu City,1996,5515,
All,Hsinchu City,1997,5577,
All,Hsinchu City,1998,4585,
All,Hsinchu City,1999,4926,
All,Hsinchu City,2000,5449,
All,Hsinchu City,2001,4864,
All,Hsinchu City,2002,4949,
All,Hsinchu City,2003,4521,
All,Hsinchu City,2004,4772,
All,Hsinchu City,2005,4548,
All,Hsinchu City,2006,4858,
All,Hsinchu City,2007,5017,
All,Hsinchu City,2008,5215,
All,Hsinchu City,2009,5328,
All,Hsinchu City,2010,4743,
All,Hsinchu City,2011,5369,
All,Hsinchu City,2012,6161,
All,Hsinchu City,2013,5167,
All,Hsinchu City,2014,5503,
All,Hsinchu City,2015,4976,
All,Hsinchu City,2016,4597,
All,Hsinchu City,2017,4287,
All,Hsinchu City,2018,4019,
All,Hsinchu City,2019,3918,
All,Hsinchu City,2020,3583,
All,Hsinchu City,2021,3451,
All,Hsinchu County,1994,7609,
All,Hsinchu County,1995,7659,
All,Hsinchu County,1996,7770,
All,Hsinchu County,1997,7724,
All,Hsinchu County,1998,6599,
All,Hsinchu County,1999,7136,
All,Hsinchu County,2000,7618,
All,Hsinchu County,2001,6798,
All,Hsinchu County,2002,6575,
All,Hsinchu County,2003,6025,
All,Hsinchu County,2004,5932,
All,Hsinchu County,2005,5708,
All,Hsinchu County,2006,5898,
All,Hsinchu County,2007,6186,
All,Hsinchu County,2008,6188,
All,Hsinchu County,2009,6043,
All,Hsinchu County,2010,5031,
All,Hsinchu County,2011,5481,
All,Hsinchu County,2012,6204,
All,Hsinchu County,2013,5433,
All,Hsinchu County,2014,5755,
All,Hsinchu County,2015,5584,
All,Hsinchu County,2016,5556,
All,Hsinchu County,2017,4953,
All,Hsinchu County,2018,4449,
All,Hsinchu County,2019,4452,
All,Hsinchu County,2020,4308,
All,Hsinchu County,2021,4220,
All,Chiayi City,1994,3586,
All,Chiayi City,1995,3697,
All,Chiayi City,1996,3698,
All,Chiayi City,1997,3674,
All,Chiayi City,1998,2946,
All,Chiayi City,1999,3089,
All,Chiayi City,2000,3254,
All,Chiayi City,2001,2735,
All,Chiayi City,2002,2563,
All,Chiayi City,2003,2332,
All,Chiayi City,2004,2281,
All,Chiayi City,2005,1986,
All,Chiayi City,2006,2161,
All,Chiayi City,2007,2182,
All,Chiayi City,2008,2142,
All,Chiayi City,2009,2007,
All,Chiayi City,2010,1774,
All,Chiayi City,2011,1904,
All,Chiayi City,2012,2072,
All,Chiayi City,2013,1980,
All,Chiayi City,2014,2132,
All,Chiayi City,2015,2224,
All,Chiayi City,2016,2211,
All,Chiayi City,2017,1924,
All,Chiayi City,2018,1886,
All,Chiayi City,2019,1722,
All,Chiayi City,2020,1426,
All,Chiayi City,2021,1373,
All,Chiayi County,1994,9443,
All,Chiayi County,1995,9506,
All,Chiayi County,1996,9326,
All,Chiayi County,1997,9391,
All,Chiayi County,1998,7957,
All,Chiayi County,1999,7994,
All,Chiayi County,2000,8927,
All,Chiayi County,2001,7604,
All,Chiayi County,2002,7235,
All,Chiayi County,2003,6621,
All,Chiayi County,2004,6029,
All,Chiayi County,2005,5653,
All,Chiayi County,2006,5242,
All,Chiayi County,2007,4874,
All,Chiayi County,2008,4665,
All,Chiayi County,2009,4252,
All,Chiayi County,2010,3485,
All,Chiayi County,2011,3577,
All,Chiayi County,2012,3889,
All,Chiayi County,2013,3130,
All,Chiayi County,2014,2965,
All,Chiayi County,2015,3054,
All,Chiayi County,2016,2923,
All,Chiayi County,2017,2803,
All,Chiayi County,2018,2559,
All,Chiayi County,2019,2966,
All,Chiayi County,2020,2922,
All,Chiayi County,2021,2665,
All,Changhua County,1994,20442,
All,Changhua County,1995,20925,
All,Changhua County,1996,20882,
All,Changhua County,1997,20713,
All,Changhua County,1998,17680,
All,Changhua County,1999,18324,
All,Changhua County,2000,19434,
All,Changhua County,2001,16981,
All,Changhua County,2002,16227,
All,Changhua County,2003,15003,
All,Changhua County,2004,14287,
All,Changhua County,2005,13106,
All,Changhua County,2006,12939,
All,Changhua County,2007,12490,
All,Changhua County,2008,12146,
All,Changhua County,2009,12245,
All,Changhua County,2010,10583,
All,Changhua County,2011,11833,
All,Changhua County,2012,13658,
All,Changhua County,2013,11591,
All,Changhua County,2014,12033,
All,Changhua County,2015,13314,
All,Changhua County,2016,13807,
All,Changhua County,2017,13070,
All,Changhua County,2018,12527,
All,Changhua County,2019,12408,
All,Changhua County,2020,12096,
All,Changhua County,2021,11388,
All,Taichung City,1994,35571,
All,Taichung City,1995,36581,
All,Taichung City,1996,37424,
All,Taichung City,1997,37830,
All,Taichung City,1998,30981,
All,Taichung City,1999,33379,
All,Taichung City,2000,35021,
All,Taichung City,2001,30397,
All,Taichung City,2002,28793,
All,Taichung City,2003,25982,
All,Taichung City,2004,25068,
All,Taichung City,2005,24049,
All,Taichung City,2006,23847,
All,Taichung City,2007,24603,
All,Taichung City,2008,23647,
All,Taichung City,2009,22601,
All,Taichung City,2010,19537,
All,Taichung City,2011,24027,
All,Taichung City,2012,28324,
All,Taichung City,2013,24555,
All,Taichung City,2014,26194,
All,Taichung City,2015,26313,
All,Taichung City,2016,25655,
All,Taichung City,2017,24338,
All,Taichung City,2018,22646,
All,Taichung City,2019,21602,
All,Taichung City,2020,19613,
All,Taichung City,2021,18304,
All,Taipei City,1994,33605,
All,Taipei City,1995,34763,
All,Taipei City,1996,34151,
All,Taipei City,1997,35062,
All,Taipei City,1998,30203,
All,Taipei City,1999,31812,
All,Taipei City,2000,33678,
All,Taipei City,2001,26998,
All,Taipei City,2002,25647,
All,Taipei City,2003,23311,
All,Taipei City,2004,22154,
All,Taipei City,2005,20962,
All,Taipei City,2006,21151,
All,Taipei City,2007,21620,
All,Taipei City,2008,20691,
All,Taipei City,2009,19403,
All,Taipei City,2010,18530,
All,Taipei City,2011,25132,
All,Taipei City,2012,29498,
All,Taipei City,2013,26710,
All,Taipei City,2014,29024,
All,Taipei City,2015,28987,
All,Taipei City,2016,27992,
All,Taipei City,2017,25042,
All,Taipei City,2018,22849,
All,Taipei City,2019,21468,
All,Taipei City,2020,19029,
All,Taipei City,2021,16695,
All,New Taipei City,1994,49207,
All,New Taipei City,1995,50234,
All,New Taipei City,1996,48037,
All,New Taipei City,1997,48048,
All,New Taipei City,1998,39617,
All,New Taipei City,1999,41124,
All,New Taipei City,2000,44924,
All,New Taipei City,2001,39104,
All,New Taipei City,2002,36862,
All,New Taipei City,2003,34286,
All,New Taipei City,2004,33231,
All,New Taipei City,2005,31676,
All,New Taipei City,2006,32292,
All,New Taipei City,2007,32444,
All,New Taipei City,2008,32255,
All,New Taipei City,2009,32093,
All,New Taipei City,2010,27617,
All,Taitung County,1994,4221,
All,Taitung County,1995,4204,
All,Taitung County,1996,4157,
All,Taitung County,1997,4033,
All,Taitung County,1998,3547,
All,Taitung County,1999,3449,
All,Taitung County,2000,3518,
All,Taitung County,2001,3108,
All,Taitung County,2002,3056,
All,Taitung County,2003,2700,
All,Taitung County,2004,2463,
All,Taitung County,2005,2381,
All,Taitung County,2006,2318,
All,Taitung County,2007,2216,
All,Taitung County,2008,2057,
All,Taitung County,2009,1940,
All,Taitung County,2010,1722,
All,Taitung County,2011,1746,
All,Taitung County,2012,1858,
All,Taitung County,2013,1657,
All,Taitung County,2014,1739,
All,Taitung County,2015,1605,
All,Taitung County,2016,1555,
All,Taitung County,2017,1484,
All,Taitung County,2018,1479,
All,Taitung County,2019,1494,
All,Taitung County,2020,1364,
All,Taitung County,2021,1316,
All,Tainan City,1994,25500,
All,Tainan City,1995,25848,
All,Tainan City,1996,25041,
All,Tainan City,1997,25352,
All,Tainan City,1998,20543,
All,Tainan City,1999,21669,
All,Tainan City,2000,23468,
All,Tainan City,2001,19687,
All,Tainan City,2002,18294,
All,Tainan City,2003,16851,
All,Tainan City,2004,16111,
All,Tainan City,2005,15476,
All,Tainan City,2006,15284,
All,Tainan City,2007,15240,
All,Tainan City,2008,14773,
All,Tainan City,2009,14196,
All,Tainan City,2010,11612,
All,Tainan City,2011,14208,
All,Tainan City,2012,17752,
All,Tainan City,2013,14788,
All,Tainan City,2014,15426,
All,Tainan City,2015,15769,
All,Tainan City,2016,14698,
All,Tainan City,2017,13773,
All,Tainan City,2018,12379,
All,Tainan City,2019,11841,
All,Tainan City,2020,10783,
All,Tainan City,2021,9634,
All,Penghu County,1994,1244,
All,Penghu County,1995,1282,
All,Penghu County,1996,1152,
All,Penghu County,1997,1291,
All,Penghu County,1998,1030,
All,Penghu County,1999,1084,
All,Penghu County,2000,1238,
All,Penghu County,2001,1093,
All,Penghu County,2002,1076,
All,Penghu County,2003,1026,
All,Penghu County,2004,941,
All,Penghu County,2005,849,
All,Penghu County,2006,861,
All,Penghu County,2007,784,
All,Penghu County,2008,726,
All,Penghu County,2009,764,
All,Penghu County,2010,662,
All,Penghu County,2011,810,
All,Penghu County,2012,978,
All,Penghu County,2013,867,
All,Penghu County,2014,943,
All,Penghu County,2015,892,
All,Penghu County,2016,1004,
All,Penghu County,2017,1038,
All,Penghu County,2018,881,
All,Penghu County,2019,988,
All,Penghu County,2020,996,
All,Penghu County,2021,907,
All,Total,1994,322938,
All,Total,1995,329581,
All,Total,1996,325545,
All,Total,1997,326002,
All,Total,1998,271450,
All,Total,1999,283661,
All,Total,2000,305312,
All,Total,2001,260354,
All,Total,2002,247530,
All,Total,2003,227070,
All,Total,2004,216419,
All,Total,2005,205854,
All,Total,2006,204459,
All,Total,2007,204414,
All,Total,2008,198733,
All,Total,2009,191310,
All,Total,2010,166886,
All,Total,2011,196627,
All,Total,2012,229481,
All,Total,2013,199113,
All,Total,2014,210383,
All,Total,2015,213598,
All,Total,2016,208440,
All,Total,2017,193844,
All,Total,2018,181601,
All,Total,2019,177767,
All,Total,2020,165249,
All,Total,2021,153820,
Male,Total,1994,168444,
Female,Total,1994,154494,
Female,Total,1995,158463,
Male,Total,1995,171118,
Male,Total,1996,169484,
Female,Total,1996,156061,
Female,Total,1997,155955,
Male,Total,1997,170047,
Male,Total,1998,141462,
Female,Total,1998,129988,
Female,Total,1999,135619,
Male,Total,1999,148042,
Male,Total,2000,159726,
Female,Total,2000,145586,
Female,Total,2001,124758,
Male,Total,2001,135596,
Male,Total,2002,129537,
Female,Total,2002,117993,
Female,Total,2003,108086,
Male,Total,2003,118984,
Male,Total,2004,113639,
Female,Total,2004,102780,
Female,Total,2005,98476,
Male,Total,2005,107378,
Male,Total,2006,106936,
Female,Total,2006,97523,
Female,Total,2007,97516,
Male,Total,2007,106898,
Male,Total,2008,103937,
Female,Total,2008,94796,
Female,Total,2009,91818,
Male,Total,2009,99492,
Male,Total,2010,87213,
Female,Total,2010,79673,
Female,Total,2011,94684,
Male,Total,2011,101943,
Male,Total,2012,118848,
Female,Total,2012,110633,
Female,Total,2013,95993,
Male,Total,2013,103120,
Male,Total,2014,108817,
Female,Total,2014,101566,
Female,Total,2015,102557,
Male,Total,2015,111041,
Male,Total,2016,108133,
Female,Total,2016,100307,
Female,Total,2017,93367,
Male,Total,2017,100477,
Male,Total,2018,93876,
Female,Total,2018,87725,
Female,Total,2019,85530,
Male,Total,2019,92237,
Male,Total,2020,85704,
Female,Total,2020,79545,
Female,Total,2021,74307,
Male,Total,2021,79513,